"Mikaela","Howard","asdfkejr","10000001","1000000001","mhoward@gmail.com"
"Gunner","Hobbs","fweurhewr","10000002","1000000002","ghobbs@gmail.com"
"Hillary","Wyatt","weruiower","10000003","1000000003","hwyatt@gmail.com"
"Van","Daugherty","weuorhwer","10000004","1000000004","vdaugherty@gmail.com"
"Anthony","Munoz","fwejoiurqewrnqee","10000005","1000000005","amunoz@gmail.com"
"Lucas","Aguilar","reiwrjewr","10000006","1000000006","laguilar@gmail.com"
"Orlando","Bernard","erwr","10000007","1000000007","obernard@gmail.com"
"Dillon","Cortez","fejoiwfewfr","10000008","1000000008","dcortez@gmail.com"
"Jon","Hartman","312309j123","10000009","1000000009","jhartman@gmail.com"
"Talan","Irwin","fwjeipofrwejrfwp","10000010","1000000010","tirwin@gmail.com"
"Francis","Huang","fjsweiofweoif","10000011","1000000011","fhuang@gmail.com"
"Gideon","Goodwin","afseijf","10000012","1000000012","ggoodwin@gmail.com"
"Mark","Ryan","fjaswoeifew","10000013","1000000013","mryan@gmail.com"
"Maria","Waters","fjaweoifewj","10000014","1000000014","mwaters@gmail.com"
"Jaylene","Khan","fajiowspefef","10000015","1000000015","jkhan@gmail.com"
"Samara","Moses","fjoweifjweiofjew","10000016","1000000016","smoses@gmail.com"
"Ariel","Butler","fjwpeifei","10000017","1000000017","abutler@gmail.com"
"Shyann","Chapman","jefqiewjfw32i34j","10000018","1000000018","schapman@gmail.com"
"Pamela","Munoz","fwoiejf23iojrf2o","10000019","1000000019","pmunoz@gmail.com"
"Rachael","Velasquez","fjewif3i2jfi32f3","10000020","1000000020","rvelasquez@gmail.com"
